region,transaction_count,total_revenue,avg_transaction_value,total_quantity,unique_customers,avg_discount,revenue_per_customer,transactions_per_customer,revenue_share
North,2487,2895166.96,1164.1202090872537,12491,909,9.873341375150783,3185.0021562156217,2.735973597359736,25.571740161611377
West,2461,2859702.04,1162.008143031288,12389,910,9.841527834213734,3142.5297142857144,2.7043956043956046,25.258494075419396
East,2491,2794169.4,1121.7059012444802,12318,912,9.969891609795264,3063.7822368421052,2.731359649122807,24.679673003841394
South,2461,2772705.61,1126.6581105241771,12372,916,10.071109305160505,3026.9711899563317,2.6866812227074237,24.490092759127844
